query_image,positive_image,negative_image
0_0.png,0_41.png,0_18.png
0_0.png,0_72.png,0_69.png
0_1.png,0_3.png,0_62.png
0_1.png,0_26.png,0_25.png
0_1.png,0_109.png,0_12.png
0_1.png,0_45.png,0_40.png
0_2.png,0_16.png,0_97.png
0_2.png,0_39.png,0_22.png
0_2.png,0_91.png,0_61.png
0_2.png,0_77.png,0_45.png
0_2.png,0_82.png,0_69.png
0_2.png,0_55.png,0_3.png
0_3.png,0_38.png,0_6.png
0_3.png,0_93.png,0_98.png
0_3.png,0_61.png,0_59.png
0_4.png,0_58.png,0_105.png
0_4.png,0_84.png,0_69.png
0_4.png,0_80.png,0_9.png
0_4.png,0_41.png,0_51.png
0_5.png,0_52.png,0_56.png
0_6.png,0_62.png,0_57.png
0_6.png,0_9.png,0_57.png
0_6.png,0_35.png,0_34.png
0_6.png,0_103.png,0_31.png
0_7.png,0_35.png,0_107.png
0_7.png,0_62.png,0_5.png
0_8.png,0_0.png,0_32.png
0_8.png,0_60.png,0_12.png
0_8.png,0_78.png,0_53.png
0_8.png,0_95.png,0_94.png
0_9.png,0_66.png,0_7.png
0_9.png,0_1.png,0_2.png
0_9.png,0_12.png,0_40.png
0_10.png,0_45.png,0_46.png
0_10.png,0_3.png,0_50.png
0_11.png,0_59.png,0_58.png
0_11.png,0_22.png,0_26.png
0_11.png,0_40.png,0_26.png
0_11.png,0_7.png,0_79.png
0_12.png,0_90.png,0_76.png
0_12.png,0_110.png,0_88.png
0_12.png,0_61.png,0_83.png
0_12.png,0_6.png,0_54.png
0_12.png,0_27.png,0_80.png
0_12.png,0_32.png,0_86.png
0_12.png,0_55.png,0_80.png
0_13.png,0_40.png,0_62.png
0_13.png,0_70.png,0_98.png
0_13.png,0_22.png,0_6.png
0_14.png,0_99.png,0_2.png
0_14.png,0_25.png,0_18.png
0_15.png,0_15.png,0_13.png
0_16.png,0_54.png,0_61.png
0_16.png,0_107.png,0_79.png
0_17.png,0_6.png,0_0.png
0_17.png,0_61.png,0_86.png
0_18.png,0_105.png,0_25.png
0_18.png,0_14.png,0_101.png
0_18.png,0_98.png,0_65.png
0_19.png,0_0.png,0_85.png
0_19.png,0_60.png,0_106.png
0_19.png,0_78.png,0_68.png
0_20.png,0_93.png,0_103.png
0_20.png,0_38.png,0_27.png
0_20.png,0_61.png,0_2.png
0_20.png,0_53.png,0_49.png
0_21.png,0_84.png,0_45.png
0_21.png,0_34.png,0_67.png
0_21.png,0_58.png,0_78.png
0_22.png,0_78.png,0_98.png
0_22.png,0_0.png,0_93.png
0_23.png,0_77.png,0_103.png
0_23.png,0_108.png,0_9.png
0_23.png,0_44.png,0_32.png
0_24.png,0_109.png,0_30.png
0_24.png,0_64.png,0_0.png
0_24.png,0_26.png,0_51.png
0_24.png,0_3.png,0_31.png
0_25.png,0_100.png,0_4.png
0_25.png,0_63.png,0_106.png
0_25.png,0_51.png,0_49.png
0_25.png,0_13.png,0_94.png
0_26.png,0_28.png,0_103.png
0_27.png,0_80.png,0_2.png
0_27.png,0_84.png,0_71.png
0_27.png,0_50.png,0_81.png
0_27.png,0_41.png,0_97.png
0_27.png,0_87.png,0_12.png
0_28.png,0_27.png,0_97.png
0_28.png,0_82.png,0_59.png
0_28.png,0_104.png,0_20.png
0_28.png,0_32.png,0_41.png
0_28.png,0_16.png,0_73.png
0_29.png,0_75.png,0_109.png
0_29.png,0_28.png,0_2.png
0_30.png,0_22.png,0_42.png
0_30.png,0_7.png,0_1.png
0_30.png,0_59.png,0_81.png
0_30.png,0_48.png,0_47.png
0_30.png,0_102.png,0_18.png
0_30.png,0_40.png,0_106.png
0_31.png,0_72.png,0_23.png
0_31.png,0_75.png,0_32.png
0_31.png,0_41.png,0_11.png
0_31.png,0_87.png,0_59.png
0_32.png,0_82.png,0_78.png
0_32.png,0_104.png,0_98.png
0_32.png,0_27.png,0_8.png
0_32.png,0_39.png,0_31.png
0_33.png,0_64.png,0_61.png
0_33.png,0_26.png,0_56.png
0_33.png,0_109.png,0_93.png
0_34.png,0_106.png,0_21.png
0_34.png,0_73.png,0_61.png
0_34.png,0_42.png,0_6.png
0_34.png,0_31.png,0_7.png
0_35.png,0_95.png,0_29.png
0_35.png,0_43.png,0_64.png
0_35.png,0_0.png,0_28.png
0_36.png,0_16.png,0_104.png
0_36.png,0_89.png,0_31.png
0_36.png,0_91.png,0_54.png
0_36.png,0_55.png,0_93.png
0_37.png,0_85.png,0_26.png
0_37.png,0_13.png,0_16.png
0_37.png,0_100.png,0_97.png
0_37.png,0_12.png,0_50.png
0_38.png,0_40.png,0_74.png
0_38.png,0_70.png,0_57.png
0_39.png,0_43.png,0_27.png
0_39.png,0_95.png,0_86.png
0_39.png,0_83.png,0_75.png
0_40.png,0_80.png,0_38.png
0_40.png,0_50.png,0_61.png
0_40.png,0_84.png,0_61.png
0_40.png,0_87.png,0_17.png
0_40.png,0_41.png,0_82.png
0_41.png,0_62.png,0_104.png
0_41.png,0_103.png,0_107.png
0_41.png,0_9.png,0_42.png
0_41.png,0_35.png,0_59.png
0_42.png,0_18.png,0_23.png
0_42.png,0_88.png,0_75.png
0_43.png,0_77.png,0_18.png
0_43.png,0_39.png,0_31.png
0_43.png,0_91.png,0_50.png
0_43.png,0_44.png,0_22.png
0_43.png,0_16.png,0_75.png
0_44.png,0_28.png,0_83.png
0_45.png,0_65.png,0_100.png
0_45.png,0_30.png,0_61.png
0_46.png,0_53.png,0_106.png
0_46.png,0_93.png,0_56.png
0_46.png,0_61.png,0_15.png
0_46.png,0_32.png,0_25.png
0_47.png,0_15.png,0_67.png
0_48.png,0_41.png,0_108.png
0_48.png,0_80.png,0_9.png
0_48.png,0_87.png,0_26.png
0_48.png,0_58.png,0_95.png
0_48.png,0_72.png,0_56.png
0_49.png,0_34.png,0_44.png
0_49.png,0_74.png,0_71.png
0_49.png,0_84.png,0_39.png
0_49.png,0_5.png,0_94.png
0_50.png,0_21.png,0_60.png
0_50.png,0_56.png,0_89.png
0_50.png,0_11.png,0_71.png
0_50.png,0_47.png,0_101.png
0_51.png,0_88.png,0_3.png
0_51.png,0_47.png,0_6.png
0_51.png,0_18.png,0_69.png
0_52.png,0_74.png,0_18.png
0_52.png,0_51.png,0_3.png
0_52.png,0_100.png,0_102.png
0_52.png,0_63.png,0_44.png
0_52.png,0_29.png,0_12.png
0_53.png,0_86.png,0_55.png
0_53.png,0_35.png,0_0.png
0_54.png,0_85.png,0_83.png
0_54.png,0_12.png,0_9.png
0_54.png,0_66.png,0_100.png
0_55.png,0_71.png,0_34.png
0_55.png,0_23.png,0_108.png
0_55.png,0_4.png,0_86.png
0_55.png,0_97.png,0_37.png
0_56.png,0_83.png,0_19.png
0_56.png,0_43.png,0_24.png
0_57.png,0_47.png,0_75.png
0_57.png,0_88.png,0_6.png
0_57.png,0_56.png,0_105.png
0_57.png,0_11.png,0_68.png
0_57.png,0_67.png,0_22.png
0_58.png,0_100.png,0_75.png
0_58.png,0_63.png,0_50.png
0_58.png,0_29.png,0_75.png
0_58.png,0_74.png,0_72.png
0_58.png,0_51.png,0_26.png
0_58.png,0_13.png,0_62.png
0_58.png,0_85.png,0_39.png
0_59.png,0_82.png,0_24.png
0_59.png,0_27.png,0_52.png
0_59.png,0_104.png,0_46.png
0_59.png,0_39.png,0_14.png
0_59.png,0_16.png,0_30.png
0_60.png,0_34.png,0_25.png
0_60.png,0_84.png,0_37.png
0_60.png,0_94.png,0_86.png
0_60.png,0_5.png,0_72.png
0_60.png,0_58.png,0_108.png
0_60.png,0_74.png,0_40.png
0_61.png,0_53.png,0_92.png
0_61.png,0_96.png,0_105.png
0_61.png,0_2.png,0_82.png
0_61.png,0_32.png,0_78.png
0_62.png,0_43.png,0_66.png
0_62.png,0_83.png,0_46.png
0_63.png,0_22.png,0_52.png
0_63.png,0_102.png,0_54.png
0_63.png,0_48.png,0_72.png
0_63.png,0_7.png,0_13.png
0_63.png,0_59.png,0_76.png
0_63.png,0_40.png,0_5.png
0_64.png,0_86.png,0_38.png
0_65.png,0_78.png,0_30.png
0_65.png,0_0.png,0_29.png
0_65.png,0_56.png,0_90.png
0_66.png,0_93.png,0_50.png
0_66.png,0_61.png,0_51.png
0_66.png,0_53.png,0_55.png
0_66.png,0_38.png,0_77.png
0_67.png,0_7.png,0_82.png
0_67.png,0_48.png,0_40.png
0_67.png,0_89.png,0_61.png
0_67.png,0_91.png,0_80.png
0_67.png,0_22.png,0_98.png
0_68.png,0_43.png,0_65.png
0_68.png,0_95.png,0_51.png
0_68.png,0_83.png,0_41.png
0_69.png,0_30.png,0_60.png
0_69.png,0_49.png,0_101.png
0_70.png,0_61.png,0_96.png
0_70.png,0_6.png,0_62.png
0_70.png,0_93.png,0_79.png
0_70.png,0_90.png,0_92.png
0_70.png,0_38.png,0_76.png
0_71.png,0_110.png,0_85.png
0_71.png,0_55.png,0_35.png
0_71.png,0_90.png,0_10.png
0_71.png,0_57.png,0_81.png
0_71.png,0_33.png,0_76.png
0_71.png,0_6.png,0_85.png
0_72.png,0_15.png,0_97.png
0_73.png,0_97.png,0_39.png
0_73.png,0_24.png,0_59.png
0_73.png,0_73.png,0_53.png
0_73.png,0_4.png,0_17.png
0_73.png,0_42.png,0_53.png
0_73.png,0_50.png,0_18.png
0_74.png,0_25.png,0_102.png
0_74.png,0_99.png,0_45.png
0_75.png,0_95.png,0_7.png
0_75.png,0_0.png,0_44.png
0_76.png,0_65.png,0_2.png
0_76.png,0_30.png,0_41.png
0_76.png,0_18.png,0_69.png
0_77.png,0_104.png,0_105.png
0_77.png,0_82.png,0_12.png
0_77.png,0_2.png,0_33.png
0_77.png,0_27.png,0_12.png
0_77.png,0_32.png,0_102.png
0_78.png,0_56.png,0_99.png
0_78.png,0_21.png,0_61.png
0_78.png,0_78.png,0_68.png
0_79.png,0_34.png,0_106.png
0_79.png,0_94.png,0_45.png
0_79.png,0_58.png,0_38.png
0_79.png,0_84.png,0_23.png
0_79.png,0_5.png,0_102.png
0_80.png,0_60.png,0_42.png
0_80.png,0_0.png,0_61.png
0_81.png,0_25.png,0_96.png
0_81.png,0_99.png,0_90.png
0_81.png,0_8.png,0_40.png
0_82.png,0_39.png,0_40.png
0_82.png,0_16.png,0_57.png
0_82.png,0_82.png,0_66.png
0_82.png,0_77.png,0_48.png
0_82.png,0_91.png,0_105.png
0_83.png,0_103.png,0_104.png
0_83.png,0_62.png,0_85.png
0_83.png,0_9.png,0_48.png
0_84.png,0_35.png,0_24.png
0_84.png,0_86.png,0_45.png
0_84.png,0_62.png,0_21.png
0_85.png,0_96.png,0_48.png
0_85.png,0_2.png,0_39.png
0_85.png,0_53.png,0_70.png
0_85.png,0_32.png,0_18.png
0_86.png,0_13.png,0_88.png
0_86.png,0_63.png,0_100.png
0_87.png,0_45.png,0_8.png
0_87.png,0_3.png,0_107.png
0_88.png,0_48.png,0_65.png
0_88.png,0_22.png,0_105.png
0_88.png,0_7.png,0_106.png
0_88.png,0_102.png,0_15.png
0_88.png,0_17.png,0_81.png
0_88.png,0_20.png,0_98.png
0_88.png,0_89.png,0_63.png
0_89.png,0_46.png,0_107.png
0_89.png,0_19.png,0_38.png
0_89.png,0_98.png,0_13.png
0_89.png,0_60.png,0_34.png
0_89.png,0_76.png,0_30.png
0_90.png,0_16.png,0_93.png
0_90.png,0_55.png,0_71.png
0_90.png,0_89.png,0_50.png
0_90.png,0_27.png,0_29.png
0_90.png,0_91.png,0_52.png
0_91.png,0_7.png,0_72.png
0_91.png,0_48.png,0_101.png
0_91.png,0_89.png,0_46.png
0_91.png,0_22.png,0_98.png
0_91.png,0_91.png,0_80.png
0_92.png,0_41.png,0_49.png
0_92.png,0_87.png,0_37.png
0_92.png,0_80.png,0_103.png
0_92.png,0_72.png,0_59.png
0_93.png,0_4.png,0_58.png
0_93.png,0_71.png,0_26.png
0_93.png,0_101.png,0_24.png
0_93.png,0_97.png,0_35.png
0_93.png,0_23.png,0_28.png
0_93.png,0_73.png,0_55.png
0_94.png,0_28.png,0_83.png
0_95.png,0_68.png,0_83.png
0_95.png,0_19.png,0_30.png
0_96.png,0_37.png,0_66.png
0_96.png,0_64.png,0_42.png
0_96.png,0_63.png,0_70.png
0_97.png,0_16.png,0_71.png
0_97.png,0_91.png,0_34.png
0_97.png,0_39.png,0_29.png
0_97.png,0_77.png,0_48.png
0_97.png,0_82.png,0_25.png
0_97.png,0_55.png,0_76.png
0_98.png,0_104.png,0_1.png
0_98.png,0_2.png,0_10.png
0_98.png,0_32.png,0_110.png
0_98.png,0_82.png,0_78.png
0_99.png,0_12.png,0_94.png
0_99.png,0_66.png,0_86.png
0_99.png,0_1.png,0_34.png
0_99.png,0_85.png,0_67.png
0_99.png,0_29.png,0_21.png
0_100.png,0_74.png,0_31.png
0_100.png,0_34.png,0_98.png
0_100.png,0_5.png,0_36.png
0_101.png,0_19.png,0_5.png
0_101.png,0_46.png,0_37.png
0_101.png,0_60.png,0_27.png
0_101.png,0_98.png,0_44.png
0_101.png,0_76.png,0_4.png
0_102.png,0_97.png,0_105.png
0_102.png,0_50.png,0_54.png
0_102.png,0_24.png,0_77.png
0_102.png,0_73.png,0_96.png
0_102.png,0_4.png,0_54.png
0_102.png,0_71.png,0_52.png
0_103.png,0_89.png,0_78.png
0_103.png,0_91.png,0_61.png
0_103.png,0_48.png,0_50.png
0_103.png,0_7.png,0_65.png
0_103.png,0_55.png,0_49.png
0_103.png,0_20.png,0_84.png
0_103.png,0_16.png,0_26.png
0_103.png,0_33.png,0_10.png
0_104.png,0_37.png,0_13.png
0_104.png,0_64.png,0_106.png
0_104.png,0_63.png,0_15.png
0_105.png,0_57.png,0_70.png
0_105.png,0_33.png,0_24.png
0_105.png,0_110.png,0_46.png
0_106.png,0_80.png,0_95.png
0_106.png,0_84.png,0_30.png
0_106.png,0_58.png,0_11.png
0_106.png,0_41.png,0_38.png
0_107.png,0_20.png,0_61.png
0_107.png,0_33.png,0_79.png
0_107.png,0_17.png,0_44.png
0_108.png,0_47.png,0_77.png
0_108.png,0_88.png,0_66.png
0_108.png,0_56.png,0_92.png
0_108.png,0_11.png,0_85.png
0_108.png,0_67.png,0_26.png
0_108.png,0_21.png,0_109.png
0_109.png,0_34.png,0_98.png
0_109.png,0_74.png,0_81.png
0_109.png,0_5.png,0_105.png
0_109.png,0_51.png,0_107.png
0_110.png,0_30.png,0_48.png
0_110.png,0_65.png,0_44.png
1_0.png,1_35.png,1_22.png
1_0.png,1_8.png,1_14.png
1_0.png,1_11.png,1_18.png
1_1.png,1_25.png,1_8.png
1_1.png,1_46.png,1_38.png
1_1.png,1_7.png,1_10.png
1_1.png,1_24.png,1_33.png
1_1.png,1_1.png,1_32.png
1_2.png,1_47.png,1_38.png
1_2.png,1_23.png,1_25.png
1_2.png,1_2.png,1_36.png
1_2.png,1_9.png,1_0.png
1_2.png,1_14.png,1_1.png
1_3.png,1_43.png,1_16.png
1_3.png,1_30.png,1_24.png
1_4.png,1_7.png,1_27.png
1_4.png,1_25.png,1_40.png
1_4.png,1_46.png,1_36.png
1_4.png,1_28.png,1_40.png
1_5.png,1_46.png,1_47.png
1_5.png,1_45.png,1_12.png
1_5.png,1_15.png,1_20.png
1_5.png,1_24.png,1_0.png
1_5.png,1_28.png,1_39.png
1_5.png,1_40.png,1_44.png
1_6.png,1_1.png,1_36.png
1_6.png,1_19.png,1_11.png
1_6.png,1_12.png,1_5.png
1_6.png,1_25.png,1_22.png
1_6.png,1_24.png,1_13.png
1_6.png,1_42.png,1_10.png
1_6.png,1_41.png,1_17.png
1_7.png,1_19.png,1_20.png
1_7.png,1_41.png,1_28.png
1_7.png,1_1.png,1_8.png
1_8.png,1_7.png,1_38.png
1_8.png,1_46.png,1_0.png
1_8.png,1_28.png,1_31.png
1_8.png,1_25.png,1_26.png
1_8.png,1_43.png,1_37.png
1_9.png,1_7.png,1_23.png
1_9.png,1_28.png,1_17.png
1_9.png,1_43.png,1_11.png
1_9.png,1_46.png,1_36.png
1_9.png,1_25.png,1_17.png
1_10.png,1_18.png,1_35.png
1_10.png,1_30.png,1_16.png
1_10.png,1_43.png,1_33.png
1_10.png,1_4.png,1_32.png
1_11.png,1_21.png,1_2.png
1_11.png,1_36.png,1_33.png
1_11.png,1_3.png,1_29.png
1_11.png,1_48.png,1_42.png
1_12.png,1_9.png,1_17.png
1_12.png,1_47.png,1_32.png
1_13.png,1_27.png,1_25.png
1_13.png,1_33.png,1_30.png
1_13.png,1_8.png,1_4.png
1_14.png,1_14.png,1_10.png
1_14.png,1_41.png,1_17.png
1_14.png,1_24.png,1_20.png
1_14.png,1_9.png,1_37.png
1_14.png,1_47.png,1_6.png
1_14.png,1_45.png,1_4.png
1_15.png,1_28.png,1_41.png
1_15.png,1_7.png,1_0.png
1_15.png,1_46.png,1_47.png
1_15.png,1_43.png,1_47.png
1_15.png,1_15.png,1_39.png
1_16.png,1_45.png,1_10.png
1_16.png,1_14.png,1_36.png
1_16.png,1_24.png,1_33.png
1_16.png,1_46.png,1_10.png
1_16.png,1_2.png,1_42.png
1_17.png,1_21.png,1_32.png
1_17.png,1_3.png,1_47.png
1_17.png,1_36.png,1_25.png
1_17.png,1_38.png,1_12.png
1_17.png,1_48.png,1_45.png
1_17.png,1_26.png,1_18.png
1_18.png,1_10.png,1_21.png
1_18.png,1_17.png,1_23.png
1_18.png,1_31.png,1_24.png
1_18.png,1_32.png,1_20.png
1_18.png,1_40.png,1_11.png
1_19.png,1_2.png,1_28.png
1_19.png,1_23.png,1_29.png
1_19.png,1_44.png,1_3.png
1_19.png,1_47.png,1_3.png
1_19.png,1_13.png,1_48.png
1_19.png,1_32.png,1_36.png
1_20.png,1_0.png,1_16.png
1_20.png,1_39.png,1_1.png
1_20.png,1_20.png,1_11.png
1_21.png,1_27.png,1_7.png
1_21.png,1_33.png,1_31.png
1_21.png,1_8.png,1_6.png
1_22.png,1_11.png,1_17.png
1_22.png,1_35.png,1_30.png
1_22.png,1_8.png,1_25.png
1_23.png,1_19.png,1_13.png
1_23.png,1_41.png,1_22.png
1_23.png,1_1.png,1_15.png
1_23.png,1_24.png,1_22.png
1_24.png,1_21.png,1_5.png
1_24.png,1_48.png,1_14.png
1_24.png,1_36.png,1_8.png
1_24.png,1_3.png,1_39.png
1_24.png,1_38.png,1_25.png
1_25.png,1_17.png,1_13.png
1_25.png,1_10.png,1_7.png
1_26.png,1_2.png,1_42.png
1_26.png,1_44.png,1_25.png
1_26.png,1_23.png,1_16.png
1_26.png,1_32.png,1_33.png
1_26.png,1_47.png,1_30.png
1_26.png,1_37.png,1_21.png
1_26.png,1_13.png,1_33.png
1_27.png,1_22.png,1_31.png
1_27.png,1_39.png,1_47.png
1_27.png,1_29.png,1_12.png
1_27.png,1_6.png,1_14.png
1_27.png,1_0.png,1_23.png
1_28.png,1_28.png,1_38.png
1_28.png,1_46.png,1_40.png
1_28.png,1_15.png,1_41.png
1_28.png,1_7.png,1_40.png
1_28.png,1_45.png,1_47.png
1_29.png,1_47.png,1_0.png
1_29.png,1_23.png,1_5.png
1_29.png,1_9.png,1_31.png
1_30.png,1_41.png,1_48.png
1_30.png,1_14.png,1_13.png
1_30.png,1_24.png,1_8.png
1_30.png,1_1.png,1_44.png
1_30.png,1_9.png,1_46.png
1_30.png,1_19.png,1_44.png
1_31.png,1_17.png,1_11.png
1_32.png,1_22.png,1_8.png
1_32.png,1_6.png,1_28.png
1_32.png,1_29.png,1_8.png
1_32.png,1_34.png,1_33.png
1_32.png,1_39.png,1_15.png
1_32.png,1_38.png,1_17.png
1_33.png,1_23.png,1_20.png
1_33.png,1_13.png,1_17.png
1_33.png,1_47.png,1_35.png
1_33.png,1_44.png,1_21.png
1_34.png,1_9.png,1_17.png
1_34.png,1_41.png,1_46.png
1_34.png,1_14.png,1_16.png
1_35.png,1_32.png,1_27.png
1_35.png,1_37.png,1_11.png
1_35.png,1_44.png,1_28.png
1_35.png,1_2.png,1_30.png
1_35.png,1_31.png,1_15.png
1_35.png,1_40.png,1_48.png
1_36.png,1_30.png,1_23.png
1_36.png,1_43.png,1_20.png
1_36.png,1_18.png,1_41.png
1_37.png,1_0.png,1_17.png
1_37.png,1_20.png,1_17.png
1_37.png,1_39.png,1_17.png
1_38.png,1_33.png,1_9.png
1_39.png,1_14.png,1_0.png
1_39.png,1_24.png,1_13.png
1_39.png,1_45.png,1_36.png
1_39.png,1_41.png,1_18.png
1_39.png,1_47.png,1_20.png
1_39.png,1_9.png,1_20.png
1_40.png,1_4.png,1_31.png
1_40.png,1_18.png,1_17.png
1_41.png,1_39.png,1_18.png
1_41.png,1_22.png,1_23.png
1_41.png,1_0.png,1_32.png
1_41.png,1_29.png,1_46.png
1_42.png,1_46.png,1_33.png
1_42.png,1_24.png,1_21.png
1_42.png,1_25.png,1_32.png
1_42.png,1_7.png,1_13.png
1_42.png,1_1.png,1_39.png
1_42.png,1_45.png,1_4.png
1_43.png,1_13.png,1_28.png
1_43.png,1_23.png,1_28.png
1_43.png,1_44.png,1_11.png
1_44.png,1_43.png,1_24.png
1_44.png,1_18.png,1_19.png
1_44.png,1_30.png,1_2.png
1_44.png,1_7.png,1_33.png
1_45.png,1_44.png,1_6.png
1_45.png,1_37.png,1_25.png
1_45.png,1_32.png,1_10.png
1_45.png,1_2.png,1_40.png
1_45.png,1_13.png,1_8.png
1_45.png,1_23.png,1_21.png
1_46.png,1_30.png,1_38.png
1_46.png,1_18.png,1_9.png
1_46.png,1_43.png,1_45.png
1_47.png,1_8.png,1_43.png
1_47.png,1_27.png,1_20.png
1_47.png,1_4.png,1_45.png
1_47.png,1_35.png,1_32.png
1_47.png,1_33.png,1_43.png
1_47.png,1_11.png,1_37.png
1_48.png,1_4.png,1_5.png
1_48.png,1_18.png,1_24.png
1_48.png,1_27.png,1_24.png
